,seriesname,title,index
0,1474_The_Batman,Batman,322
1,1752_The_Honeymooners,The Honeymooners,536
2,1115_I_Love_Lucy,I Love Lucy,45
3,421_Alfred_Hitchcock_Presents_(1955),Alfred Hitchcock Presents,65
4,2792_Perry_Mason_(1957),Perry Mason,172
5,1908_Bonanza,Bonanza,437
6,2428_Rawhide,Rawhide,407
7,384_Twilight_Zone,The Twilight Zone,71
8,1206_The_Flintstones,The Flintstones,765
9,2539_The_Americans,The Americans,529
10,2120_Doctor_Who_(1963),Doctor Who,0
11,2834_The_Fugitive_(1963),The Fugitive,151
12,1166_The_Outer_Limits,The Outer Limits,485
13,2884_Bewitched,Bewitched,12
14,2268_The_Munsters,The Munsters,532
15,2144_Thunderbirds,Thunderbirds,615
16,2503_The_Big_Valley,The Big Valley,949
17,2674_Get_Smart_(1965),Get Smart,92
18,2569_Hogans_Heroes,Hogan's Heroes,60
19,1507_I_Dream_of_Jeannie,I Dream of Jeannie,90
20,3240_Lost_in_Space,Lost in Space,232
21,729_Out_of_the_unknown,Out of the Unknown,774
22,2838_Mission_Impossible_(1966),Mission: Impossible,57
23,957_Star_Trek,Star Trek,241
24,380_The_Time_Tunnel,The Time Tunnel,634
25,803_Dads_Army,Dad's Army,558
26,1691_Hawaii_Five-O_(1968),Hawaii Five-O,192
27,231_Scooby-Doo_Where_Are_You_,"Scooby Doo, Where Are You!",753
28,1546_UFO,UFO,732
29,1552_The_Mary_Tyler_Moore_Show,The Mary Tyler Moore Show,798
30,557_All_in_the_Family,All in the Family,79
31,2806_Cannon,Cannon,780
32,3353_The_Persuaders_,The Persuaders!,776
33,1680_Kung_Fu,Kung Fu,351
34,1098_MASH,M*A*S*H,14
35,2990_Sanford_and_Son,Sanford and Son,546
36,2635_The_Waltons,The Waltons,784
37,2583_Kojak_(1973),Kojak,857
38,211_Last_of_the_Summer_Wine,Last of the Summer Wine,410
39,2155_Star_Trek_The_Animated_Series,Star Trek: The Animated Series,868
40,1551_Kolchak_The_Night_Stalker,Kolchak: The Night Stalker,962
41,845_Porridge,Porridge,919
42,2104_Rhoda,Rhoda,756
43,436_The_Rockford_Files,The Rockford Files,489
44,2706_The_World_at_War,The World at War,710
45,2898_Archer,Archer,269
46,3224_Ellery_Queen,Ellery Queen,815
47,1768_Saturday_Night_Live,Saturday Night Live,625
48,1030_Space_1999,Space: 1999,447
49,1608_Starsky_Hutch,Starsky and Hutch,290
50,1317_Black_Sheep_Squadron,Black Sheep Squadron,801
51,2575_The_Muppet_Show,The Muppet Show,276
52,1018_Open_All_Hours,Open All Hours,742
53,2873_Rich_Man_Poor_Man_Book_II,"Rich Man, Poor Man",850
54,2206_All_Creatures_Great_And_Small,All Creatures Great and Small,409
55,64_CHiPs,CHiPs,892
56,2580_Battlestar_Galactica,Battlestar Galactica,271
57,2623_Blakes_7,Blake's 7,380
58,345_Dallas,Dallas,87
59,1294_Mork_and_Mindy,Mork & Mindy,305
60,2489_Taxi,Taxi,453
61,1008_Buck_Rogers_in_the_25th_Century,Buck Rogers in the 25th Century,586
62,3275_The_Dukes_Of_Hazzard,The Dukes of Hazzard,292
63,3317_Hart_to_Hart,Hart to Hart,812
64,955_Rumpole_of_the_Bailey,Rumpole of the Bailey,473
65,1009_Sapphire_Steel,Sapphire & Steel,602
66,427_Magnum_P.I.,"Magnum, P.I.",63
67,745_Yes_Minister,Yes Minister,805
68,1504_Dynasty,Dynasty,56
69,2863_Only_Fools_and_Horses,Only Fools and Horses,637
70,2887_Cheers,Cheers,53
71,778_Family_Ties,Family Ties,771
72,362_Knight_Rider_(1982),Knight Rider,225
73,929_Remington_Steele,Remington Steele,540
74,1770_Voyagers,Voyagers!,960
75,2553_The_A-Team,The A-Team,282
76,3199_Blackadder,Blackadder,651
77,2751_Scarecrow_and_Mrs._King,Scarecrow and Mrs. King,899
78,858_Allo_Allo_,'Allo 'Allo,220
79,3030_Airwolf,Airwolf,567
80,1860_The_Cosby_Show,The Cosby Show,686
81,3332_Highway_to_Heaven,Highway to Heaven,811
82,581_Miami_Vice,Miami Vice,128
83,1386_Murder_She_Wrote,"Murder, She Wrote",35
84,1550_Night_Court,Night Court,763
85,159_Thomas_The_Tank_Engine_Friends,Thomas & Friends: Big World! Big Adventures!,731
86,2738_The_Tripods,The Tripods,752
87,2302_Whos_the_Boss_,Who's the Boss?,865
88,1681_The_Equalizer,The Equalizer,875
89,199_The_Golden_Girls,The Golden Girls,52
90,2182_MacGyver,MacGyver,89
91,2015_Moonlighting,Moonlighting,313
92,1170_ALF,ALF,295
93,923_Lovejoy,Lovejoy,252
94,2431_Matlock,Matlock,950
95,2821_Sledge_Hammer,Sledge Hammer!,491
96,937_DuckTales,DuckTales,265
97,1494_Friday_The_13th_The_Series,Friday the 13th: The Series,402
98,1695_Full_House,Full House,419
99,235_Inspector_Morse,Inspector Morse,605
100,356_Married..._With_Children,Married with Children,11
101,381_Star_Trek_The_Next_Generation,Star Trek: The Next Generation,50
102,3228_Thirtysomething,Thirtysomething,500
103,600_Agatha_Christie_Poirot,Poirot,291
104,3331_Red_Dwarf,Red Dwarf,340
105,7_Roseanne,Roseanne,59
106,2510_Whose_Line_Is_It_Anyway_,Whose Line Is It Anyway?,367
107,676_The_Wonder_Years,The Wonder Years,122
108,2275_Alien_Nation,Alien Nation,866
109,2722_Baywatch,Baywatch,492
110,2196_Casualty,Casualty,562
111,1634_Family_Matters,Family Matters,876
112,1455_Quantum_Leap,Quantum Leap,177
113,2469_The_Simpsons,The Simpsons,1
114,462_Tales_from_the_Crypt,Tales from the Crypt,191
115,223_X-Men,Pryde of the X-Men,262
116,1529_Beverly_Hills_90210,"Beverly Hills, 90210",23
117,1773_The_Flash,The Flash,873
118,2189_The_Fresh_Prince_of_Bel-Air,The Fresh Prince of Bel-Air,77
119,1943_In_Living_Color,In Living Color,534
120,2714_Jeeves_and_Wooster,Jeeves and Wooster,819
121,3290_Keeping_Up_Appearances,Keeping Up Appearances,508
122,3034_Northern_Exposure,Northern Exposure,135
123,1391_One_Foot_in_the_Grave,One Foot in the Grave,505
124,2971_Parenthood,Parenthood,155
125,2190_Seinfeld,Seinfeld,48
126,440_She_Wolf_of_London,She-Wolf of London,926
127,612_Twin_Peaks,Twin Peaks,619
128,2339_A_Bit_of_Fry_and_Laurie,A Bit of Fry and Laurie,717
129,408_Darkwing_Duck,Darkwing Duck,372
130,1272_Home_Improvement,Home Improvement,47
131,1891_Between_the_Lines,Between the Lines,912
132,3315_Forever_Knight,Forever Knight,288
133,983_The_Golden_Palace,The Golden Palace,767
134,1733_Highlander,Highlander,118
135,2865_The_Larry_Sanders_Show,The Larry Sanders Show,281
136,2363_Mad_About_You,Mad About You,182
137,2995_Melrose_Place,Melrose Place,613
138,968_Absolutely_Fabulous,Absolutely Fabulous,674
139,1436_As_Time_Goes_By,As Time Goes By,323
140,219_Babylon_5,Babylon 5,131
141,2878_Boy_Meets_World,Boy Meets World,64
142,2508_Frasier,Frasier,9
143,1785_Homicide_Life_on_the_Street,Homicide: Life on the Street,116
144,1853_Lois_Clark_The_New_Adventures_of_Superman,Lois & Clark: The New Adventures of Superman,209
145,2582_NYPD_Blue,NYPD Blue,328
146,176_The_Nanny,The Nanny,83
147,3141_SeaQuest_DSV,SeaQuest 2032,392
148,2091_Star_Trek_Deep_Space_Nine,Star Trek: Deep Space Nine,55
149,27_Walker_Texas_Ranger,"Walker, Texas Ranger",336
150,884_The_X-Files,The X-Files,31
151,35_The_Critic,The Critic,809
152,2143_Duckman,Duckman: Private Dick/Family Man,286
153,1995_ER,ER,5
154,3294_Earth_2,Earth 2,839
155,2183_The_Fast_Show,The Fast Show,906
156,25_Friends,Friends,18
157,110_Gargoyles,Gargoyles,538
158,2799_My_So-Called_Life,My So-Called Life,988
159,566_Party_Of_Five,Party of Five,746
160,765_Space_Precinct,Space Precinct,773
161,2194_Sweet_Valley_High,Sweet Valley High,867
162,3231_Time_Team,Time Team,166
163,1976_A_Touch_of_Frost,A Touch of Frost,504
164,3322_American_Gothic,American Gothic,838
165,1673_Father_Ted,Father Ted,796
166,2347_Goosebumps,Goosebumps,302
167,1514_Hercules_The_Legendary_Journeys,Hercules: The Legendary Journeys,132
168,727_JAG,JAG,20
169,1707_Pinky_and_the_Brain,Pinky and the Brain,320
170,1071_Sliders,Sliders,219
171,2087_Space_Above_and_Beyond,Space: Above and Beyond,791
172,583_Spider-Man_The_Animated_Series,Spider-Man: The Animated Series,632
173,1953_Star_Trek_Voyager,Star Trek: Voyager,58
174,1603_The_Tick_(1994),The Tick,797
175,3041_Xena_Warrior_Princess,Xena: Warrior Princess,95
176,2236_3rd_Rock_From_the_Sun,3rd Rock from the Sun,176
177,2448_7th_Heaven,7th Heaven,54
178,2272_Early_Edition,Early Edition,444
179,3143_Everybody_Loves_Raymond,Everybody Loves Raymond,28
180,406_Millennium,Millennium,373
181,1818_The_Pretender,The Pretender,230
182,1366_Profiler,Profiler,881
183,2438_The_Profit,Profit,666
184,1817_Sabrina_The_Teenage_Witch,"Sabrina, the Teenage Witch",96
185,1425_Silent_Witness,Silent Witness,84
186,3200_Spin_City,Spin City,275
187,1462_Superman_The_Animated_Series,Superman,378
188,1905_Ally_McBeal,Ally McBeal,127
189,2261_Buffy_The_Vampire_Slayer,Buffy the Vampire Slayer,81
190,1574_Daria,Daria,308
191,1211_Dawsons_Creek,Dawson's Creek,104
192,888_Dharma_Greg,Dharma & Greg,448
193,2083_Jonathan_Creek,Jonathan Creek,622
194,964_Just_Shoot_Me,Just Shoot Me!,370
195,2703_King_of_the_Hill,King of the Hill,161
196,1577_La_Femme_Nikita,La Femme Nikita,180
197,3308_Midsomer_Murders,Midsomer Murders,154
198,29_Oz,Oz,362
199,3259_Stargate_SG-1,Stargate SG-1,26
200,1083_Dilbert,Dilbert,673
201,1718_South_Park,South Park,10
202,763_Earth_Final_Conflict,Earth: Final Conflict,217
203,2891_Hetty_Wainthropp_Investigates,Hetty Wainthropp Investigates,898
204,107_Transformers_The_Headmasters,Transformers: The Headmasters,585
205,1168_The_Royle_Family,The Royle Family,737
206,1533_Teenage_Mutant_Ninja_Turtles_(1987),Teenage Mutant Ninja Turtles,38
207,3333_Felicity,Felicity,234
208,2699_The_Sopranos,The Sopranos,222
209,1495_Futurama,Futurama,108
210,284_Will_and_Grace,Will & Grace,40
211,2053_Charmed,Charmed,49
212,1007_Lupin_the_3rd,Lupin the 3rd,889
213,2683_Sex_the_City,Sex and the City,188
214,2622_Spooks,MI-5,223
215,1147_Angel,Angel,138
216,693_COPS,C.O.P.S.,98
217,3291_The_Net,The Net,893
218,2879_The_King_of_Queens,The King of Queens,30
219,1880_That_70s_Show,That '70s Show,32
220,3115_Sports_Night,Sports Night,459
221,2358_Randall_Hopkirk_(Deceased),Randall & Hopkirk (Deceased),716
222,3085_Scrapheap_Challenge,Junkyard Wars,578
223,3112_Mortal_Kombat_Conquest,Mortal Kombat: Conquest,844
224,2790_Becker,Becker,681
225,3116_The_Powerpuff_Girls,The Powerpuff Girls,255
226,2031_Lexx,Lexx: The Dark Zone Stories,347
227,1879_The_Adventures_of_Tintin,The Adventures of Tintin,913
228,2584_Family_Guy,Family Guy,13
229,1939_VICE,The Vice,550
230,998_Fantastic_Four,Fantastic Four: The Animated Series,689
231,3309_Farscape,Farscape,212
232,3316_Third_Watch,Third Watch,467
233,22_The_West_Wing,The West Wing,69
234,61_Roswell,Roswell,339
235,868_Once_and_Again,Once and Again,464
236,847_Bad_Girls,Bad Girls,423
237,1865_Law_Order_SVU,Law & Order: Special Victims Unit,2
238,2903_Dark_Angel,Dark Angel,478
239,246_Cleopatra_2525,Cleopatra 2525,713
240,726_NOVA,Nova,99
241,2175_Relic_Hunter,Relic Hunter,312
242,1583_Malcolm_In_The_Middle,Malcolm in the Middle,216
243,304_Andromeda,Andromeda,134
244,1159_Rejseholdet_(Unit_One),Unit 1,618
245,3209_Jack_of_All_Trades,Jack of All Trades,842
246,1524_Fortier,Fortier,497
247,1069_Son_of_the_Beach,Son of the Beach,918
248,1980_Coupling,Coupling,667
249,1660_Gilmore_Girls,Gilmore Girls,78
250,96_Monarch_of_the_Glen,Monarch of the Glen,519
251,2886_Survivor,Survivor,16
252,447_Star_Trek_Enterprise,Star Trek: Enterprise,170
253,1041_CSI_Crime_Scene_Investigation,CSI: Crime Scene Investigation,4
254,672_X-Men_Evolution,X-Men: Evolution,386
255,2240_Six_Feet_Under,Six Feet Under,334
256,2557_Yu-Gi-Oh_Duel_Monsters,Yu-Gi-Oh!,21
257,3078_Grounded_for_Life,Grounded for Life,460
258,2311_My_Family,My Family,149
259,3192_Waking_the_Dead,Waking the Dead,200
260,48_Queer_as_Folk_(US),Queer as Folk,233
261,1883_Curb_Your_Enthusiasm,Curb Your Enthusiasm,248
262,3153_The_Job,The Job,983
263,47_Lizzie_McGuire,Lizzie McGuire,331
264,852_Witchblade,Witchblade,976
265,742_Law_Order_Criminal_Intent,Law & Order: Criminal Intent,42
266,2480_Samurai_Jack,Samurai Jack,397
267,1220_Two_Pints_of_Lager_and_a_Packet_of_Crisps,Two Pints of Lager and a Packet of Crisps,237
268,196_Smallville,Smallville,25
269,2880_The_Dead_Zone,The Dead Zone,246
270,604_Crossing_Jordan,Crossing Jordan,365
271,828_24,24,29
272,1251_Alias,Alias,150
273,1122_The_Amazing_Race,The Amazing Race,100
274,2513_According_to_Jim,According to Jim,418
275,2763_The_Guardian,The Guardian,468
276,1185_Scrubs,Scrubs,43
277,3046_The_Shield,The Shield,213
278,936_Degrassi_The_Next_Generation,Degrassi: The Next Generation,768
279,542_Trailer_Park_Boys,Trailer Park Boys,366
280,1139_Aqua_Teen_Hunger_Force,Aqua Teen Hunger Force,359
281,2518_Footballers_Wives,Footballers' Wives,711
282,278_The_Lost_World,The Lost World,311
283,2493_The_Wire,The Wire,344
284,126_Foyles_War,Foyle's War,672
285,3303_George_Lopez,George Lopez,663
286,3263_Monk,Monk,106
287,1830_CSI_Miami,CSI: Miami,19
288,2288_Tripping_the_Rift,Tripping the Rift,719
289,2305_Odyssey_5,Odyssey 5,952
290,1882_Everwood,Everwood,208
291,1542_American_Idol,American Idol,181
292,2475_Carnivale,Carnivàle,787
293,3021_Fastlane,Fastlane,846
294,226_John_Doe,John Doe,905
295,1876_What_I_Like_About_You,What I Like About You,229
296,2244_Without_a_Trace,Without a Trace,62
297,3195_The_L_Word,The L Word,293
298,2112_Wire_In_The_Blood,Wire in the Blood,643
299,1589_Teen_Titans,Teen Titans,421
300,2866_The_Bachelorette,The Bachelorette,594
301,1246_Dead_Like_Me,Dead Like Me,657
302,1890_Deadwood,Deadwood,572
303,305_Little_Britain,Little Britain,937
304,1215_Nip_Tuck,Nip/Tuck,140
305,2361_The_Simple_Life,The Simple Life,641
306,2498_New_Tricks,New Tricks,146
307,3217_The_O.C.,The O.C.,199
308,1590_Americas_Next_Top_Model,America's Next Top Model,189
309,967_Lilo_Stitch,Lilo & Stitch: The Series,973
310,1616_Tru_Calling,Tru Calling,729
311,2524_Las_Vegas,Las Vegas,156
312,1922_Last_Comic_Standing,Last Comic Standing,623
313,1910_NCIS,NCIS,7
314,3145_Arrested_Development,Arrested Development,307
315,2391_Joan_of_Arcadia,Joan of Arcadia,461
316,1024_Cold_Case,Cold Case,68
317,1079_One_Tree_Hill,One Tree Hill,41
318,1002_Two_and_a_Half_Men,Two and a Half Men,8
319,179_Reno_911_,Reno 911!,215
320,3027_The_Boondocks,The Boondocks,415
321,1867_Stargate_Atlantis,Stargate: Atlantis,168
322,3142_Joey,Joey,451
323,3133_Duck_Dodgers,Duck Dodgers,700
324,3314_Shameless,Shameless,88
325,759_Q.I._XL,QI,147
326,128_Rescue_Me,Rescue Me,193
327,2468_Mythbusters,MythBusters,103
328,2805_Rome,Rome,853
329,2049_The_Office_(US),The Office,34
330,2581_Entourage,Entourage,173
331,1063_Peep_Show,Peep Show,432
332,1222_The_4400,The 4400,484
333,2609_Winter_Sonata,Winter Sonata,946
334,2284_CSI_NY,CSI: NY,36
335,2073_Corner_Gas,Corner Gas,644
336,2371_American_Dad,American Dad!,39
337,301_Gossip_Girl,Gossip Girl,112
338,1723_Boston_Legal,Boston Legal,162
339,779_Law_Order,Law & Order,3
340,18_Doc_Martin,Doc Martin,376
341,2936_Desperate_Housewives,Desperate Housewives,46
342,1262_Lost,Lost,109
343,1950_Medium,Medium,102
344,197_Veronica_Mars,Veronica Mars,318
345,3012_Greys_Anatomy,Grey's Anatomy,15
346,3092_The_Mighty_Boosh,The Mighty Boosh,934
347,2616_Avatar_The_Last_Airbender,Avatar: The Last Airbender,337
348,320_Ideal_(2005),Ideal,390
349,969_The_Venture_Bros.,The Venture Bros.,316
350,2233_Big_Love,Big Love,381
351,1420_Samurai_Champloo,Samurai Champloo,735
352,1108_The_Suite_Life_of_Zack_Cody,The Suite Life of Zack & Cody,335
353,2336_The_Biggest_Loser,The Biggest Loser,570
354,215_Live_at_the_Apollo,Live at the Apollo,429
355,2331_Regenesis,ReGenesis,408
356,2872_Numb3rs,Numb3rs,119
357,3102_Hells_Kitchen_(US),Hell's Kitchen,85
358,987_Project_Runway,Project Runway,240
359,248_Robot_Chicken,Robot Chicken,80
360,2860_Weeds,Weeds,159
361,1367_Kaleido_Star,Kaleido Star,499
362,1340_The_Apprentice,The Apprentice: Martha Stewart,157
363,3210_Deadliest_Catch,Deadliest Catch,348
364,2877_Masters_of_Horror,Masters of Horror,986
365,2956_Criminal_Minds,Criminal Minds,17
366,2355_Sugar_Rush,Sugar Rush,951
367,1121_Prison_Break,Prison Break,239
368,1361_Squidbillies,Squidbillies,882
369,1149_Brotherhood,Brotherhood,658
370,456_The_Closer,The Closer,142
371,2933_Star_Wars_The_Clone_Wars,Star Wars: The Clone Wars,114
372,2198_The_Thick_of_It,The Thick of It,790
373,2050_My_Name_Is_Earl,My Name Is Earl,183
374,207_Bones,Bones,24
375,2290_Everybody_Hates_Chris,Everybody Hates Chris,214
376,3037_Ghost_Whisperer,Ghost Whisperer,143
377,95_How_I_Met_Your_Mother,How I Met Your Mother,27
378,539_Invasion,Invasion,836
379,1374_Supernatural,Supernatural,22
380,2919_The_Unit,The Unit,299
381,3351_The_War_at_Home,The War at Home,466
382,1140_What_About_Brian,What About Brian,803
383,506_The_New_Adventures_of_Old_Christine,The New Adventures of Old Christine,211
384,1231_South_of_Nowhere,South of Nowhere,517
385,1141_Dancing_with_the_Stars,Dancing with the Stars,601
386,2910_Mock_the_Week,Mock the Week,477
387,2075_8_Out_of_10_Cats,8 Out of 10 Cats,684
388,2276_So_You_Think_You_Can_Dance_,So You Think You Can Dance,194
389,737_Its_Always_Sunny_in_Philadelphia,It's Always Sunny in Philadelphia,124
390,289_Engrenages,Spiral,502
391,1411_The_Class,The Class,996
392,2011_Torchwood,Torchwood,503
393,2914_Studio_60_on_the_Sunset_Strip,Studio 60 on the Sunset Strip,848
394,1270_Waterloo_Road,Waterloo Road,315
395,390_The_IT_Crowd,The IT Crowd,749
396,2661_The_Hills,The Hills,595
397,3251_Lipstick_Jungle,Lipstick Jungle,930
398,1183_H2O_Just_Add_Water,H2O: Just Add Water,688
399,2024_Psych,Psych,115
400,2224_Hannah_Montana,Hannah Montana,167
401,1786_Dirt,Dirt,959
402,2273_The_Riches,The Riches,904
403,1515_30_Rock,30 Rock,91
404,817_That_Mitchell_and_Webb_Look,That Mitchell and Webb Look,770
405,1985_Kyle_XY,Kyle XY,482
406,760_Lead_Balloon,Lead Balloon,891
407,2651_Brothers_Sisters,Brothers & Sisters,139
408,800_Friday_Night_Lights,Friday Night Lights,261
409,459_The_Tudors,The Tudors,543
410,1259_Americas_Got_Talent,America's Got Talent,204
411,1821_Til_Death,'Til Death,289
412,2577_Top_Chef,Top Chef,228
413,1797_Wolverine_and_the_X-Men,Wolverine and the X-Men,727
414,413_Dexter,Dexter,171
415,2846_Coast,Coast,353
416,2465_Robin_Hood,Robin Hood,530
417,2828_Aliens_in_America,Aliens in America,987
418,2744_Rules_of_Engagement,Rules of Engagement,164
419,425_Eureka,Eureka,253
420,1399_Caprica,Caprica,997
421,1679_Wizards_Of_Waverly_Place,Wizards of Waverly Place,144
422,1837_Mad_Men,Mad Men,196
423,295_MasterChef,MasterChef,129
424,1293_Men_In_Trees,Men in Trees,610
425,1572_Shark,Shark,552
426,1200_Ugly_Betty,Ugly Betty,231
427,2636_Blood_Ties,Blood Ties,901
428,140_Primeval,Primeval,573
429,372_Roman_Mysteries,Roman Mysteries,927
430,133_Burn_Notice,Burn Notice,133
431,1622_Heroes,Heroes,249
432,2764_Saving_Grace,Saving Grace,452
433,3100_In_Treatment,In Treatment,145
434,2843_Iron_Man_Armored_Adventures,Iron Man: Armored Adventures,395
435,2923_Metalocalypse,Metalocalypse,416
436,1423_Skins,Skins,338
437,2535_The_Whitest_Kids_U_Know,The Whitest Kids U'Know,902
438,3091_True_Blood,True Blood,236
439,91_Legend_of_the_Seeker,Legend of the Seeker,463
440,1571_Terminator_The_Sarah_Connor_Chronicles,Terminator: The Sarah Connor Chronicles,628
441,2921_Phineas_and_Ferb,Phineas and Ferb,526
442,2279_Army_Wives,Army Wives,120
443,90_Not_Going_Out,Not Going Out,557
444,2633_The_Sarah_Jane_Adventures,The Sarah Jane Adventures,375
445,1794_Flight_Of_The_Conchords,Flight of the Conchords,871
446,2025_Painkiller_Jane,Painkiller Jane,869
447,2786_Eastbound_and_Down,Eastbound & Down,653
448,2529_Lewis,Inspector Lewis,512
449,1686_Life,Life,617
450,1889_Young_Dracula,Young Dracula,400
451,1196_Sea_Patrol,Sea Patrol,327
452,1158_Torchwood_Declassified,Torchwood Declassified,802
453,2983_Eli_Stone,Eli Stone,703
454,3360_The_Penguins_of_Madagascar,The Penguins of Madagascar,94
455,2556_The_Big_Bang_Theory,The Big Bang Theory,37
456,3338_Samantha_Who_,Samantha Who?,577
457,76_Breaking_Bad,Breaking Bad,330
458,2619_Californication,Californication,226
459,2850_Damages,Damages,349
460,789_Little_Mosque_on_the_Prairie,Little Mosque on the Prairie,197
461,3348_Pushing_Daisies,Pushing Daisies,810
462,2753_Chuck,Chuck,203
463,1996_In_Plain_Sight,In Plain Sight,342
464,916_M.I._High,M.I.High,975
465,217_Game_of_Thrones,Game of Thrones,345
466,353_The_Life_Times_of_TIM,The Life & Times of Tim,635
467,435_Reaper,Reaper,620
468,736_Benidorm,Benidorm,676
469,1582_Dirty_Sexy_Money,Dirty Sexy Money,823
470,2637_Sanctuary,Sanctuary,350
471,277_Private_Practice,Private Practice,130
472,2534_iCarly,iCarly,179
473,377_Greek,Greek,274
474,504_The_Spectacular_Spider-Man,The Spectacular Spider-Man,695
475,749_Boardwalk_Empire,Boardwalk Empire,357
476,1666_Kitchen_Nightmares_(US),Kitchen Nightmares,364
477,3258_The_Inspector_Lynley_Mysteries,The Inspector Lynley Mysteries,840
478,1388_Secret_Diary_of_a_Call_Girl,Secret Diary of a Call Girl,609
479,747_United_States_of_Tara,United States of Tara,565
480,2318_Raising_the_Bar,Raising the Bar,754
481,2644_Ashes_To_Ashes,Ashes to Ashes,783
482,2442_City_Homicide,City Homicide,277
483,2446_Superjail_,Superjail!,640
484,2591_Flashpoint,Flashpoint,227
485,908_Capadocia,Capadocia,692
486,1755_Ice_Road_Truckers,Ice Road Truckers,184
487,221_Party_Down,Party Down,955
488,2883_Lark_Rise_to_Candleford,Lark Rise to Candleford,511
489,1271_Outnumbered,Outnumbered,687
490,2621_Murdoch_Mysteries,Murdoch Mysteries,141
491,2201_Heartland_(CA),Heartland,82
492,2147_Legit,Legit,723
493,3191_The_Cleaner,The Cleaner,699
494,177_Leverage,Leverage,259
495,578_1000_Ways_To_Die,1000 Ways to Die,387
496,984_Underbelly,Underbelly,309
497,239_Fringe,Fringe,165
498,2122_Sons_of_Anarchy,Sons of Anarchy,195
499,123_Satisfaction,Satisfaction,917
500,541_Big_Time_Rush,Big Time Rush,522
501,806_True_Jackson_VP,"True Jackson, VP",360
502,1296_Warehouse_13,Warehouse 13,324
503,801_Dollhouse,Dollhouse,675
504,608_The_Guild,The Guild,442
505,694_Being_Erica,Being Erica,424
506,330_Less_Than_Kind,Less Than Kind,928
507,1761_Law_Order_UK,Law & Order: UK,382
508,2685_The_Secret_Life_of_the_American_Teenager,The Secret Life of the American Teenager,117
509,2169_The_Listener,The Listener,317
510,2162_The_Suite_Life_on_Deck,The Suite Life on Deck,471
511,771_Alphas,Alphas,772
512,3189_Nurse_Jackie,Nurse Jackie,244
513,1057_Ben_10_Alien_Force,Ben 10: Alien Force,456
514,2177_The_Cleveland_Show,The Cleveland Show,218
515,2212_The_Mentalist,The Mentalist,73
516,1204_Merlin,Merlin,326
517,1216_Batman_The_Brave_and_the_Bold,Batman: The Brave and the Bold,379
518,1264_Bed_of_Roses,Bed of Roses,967
519,631_90210,90210,123
520,3220_Gary_Unmarried,Gary Unmarried,560
521,1696_Hung,Hung,648
522,1999_Lie_to_Me,Lie to Me,436
523,101_Better_Off_Ted,Better Off Ted,741
524,595_Men_of_a_Certain_Age,Men of a Certain Age,835
525,1605_Romanzo_Criminale,Romanzo Criminale,877
526,1671_Gangland,Gangland,994
527,3255_Sonny_with_a_Chance,Sonny with a Chance,450
528,2627_Bored_To_Death,Bored to Death,785
529,1628_Parks_and_Recreation,Parks and Recreation,107
530,2961_How_the_Earth_Was_Made,How the Earth Was Made,779
531,837_How_Not_To_Live_Your_Life,How Not to Live Your Life,920
532,577_Treme,Treme,559
533,192_Drop_Dead_Diva,Drop Dead Diva,257
534,704_Stargate_Universe,SGU Stargate Universe,506
535,14_Republic_of_Doyle,Republic of Doyle,314
536,2142_Southland,Southland,481
537,2417_Adventure_Time_with_Finn_and_Jake,Adventure Time,33
538,296_Time_Warp,Time Warp,897
539,2817_Dark_Blue,Dark Blue,942
540,3157_Royal_Pains,Royal Pains,178
541,2555_The_Comeback,Comeback,947
542,2663_10_Things_I_Hate_About_You,10 Things I Hate About You,944
543,944_Glee,Glee,113
544,2831_Steven_Seagal_Lawman,Steven Seagal: Lawman,941
545,312_Make_It_Or_Break_It,Make It or Break It,434
546,2321_Web_Therapy,Web Therapy,480
547,1952_Blue_Mountain_State,Blue Mountain State,549
548,996_Being_Human,Being Human,555
549,863_White_Collar,White Collar,238
550,238_The_Voice,Voice: Inochi naki mono no koe,101
551,2733_NCIS_Los_Angeles,NCIS: Los Angeles,75
552,1918_Aguila_Roja,Águila Roja,399
553,2481_HawthoRNe,Hawthorne,639
554,1906_The_Vampire_Diaries,The Vampire Diaries,93
555,2287_Memphis_Beat,Memphis Beat,953
556,658_18_to_Life,18 to Life,745
557,1102_Good_Luck_Charlie,Good Luck Charlie,169
558,496_Lost_Girl,Lost Girl,243
559,378_Inspector_George_Gently,Inspector George Gently,837
560,2184_Community,Community,137
561,3146_Cougar_Town,Cougar Town,158
562,271_FlashForward,Flashforward,855
563,2610_Rookie_Blue,Rookie Blue,270
564,2062_Life_UneXpected,Life Unexpected,725
565,656_Mercy,Mercy,834
566,292_Modern_Family,Modern Family,74
567,2942_Spartacus_Blood_and_Sand,Spartacus,604
568,995_The_Good_Wife,The Good Wife,86
569,2074_The_Middle,The Middle,76
570,2693_Shark_Tank,Shark Tank,300
571,2811_The_Marriage_Ref,The Marriage Ref,852
572,439_Rescue_Special_Ops,Rescue Special Ops,696
573,823_The_Hard_Times_of_RJ_Berger,The Hard Times of RJ Berger,769
574,161_Falling_Skies,Falling Skies,411
575,1470_Columbo,Columbo,304
576,1845_Sherlock_(2010),Sherlock,1194
577,2204_The_League,The League,251
578,1828_Bang_Goes_the_Theory,Bang Goes the Theory,616
579,573_Svetlana,Svetlana,979
580,3368_Justified,Justified,254
581,2003_Pawn_Stars,Pawn Stars,870
582,2283_Strike_Back,Strike Back,454
583,2975_Him_Her,Him & Her,751
584,3249_Covert_Affairs,Covert Affairs,267
585,1032_Trial_Retribution,Trial & Retribution,971
586,1676_Through_the_Wormhole,Through the Wormhole,377
587,3205_The_Big_C,The Big C,509
588,309_Hot_Wheels_Battle_Force_5,Hot Wheels: Battle Force 5,702
589,974_Haven,Haven,296
590,175_The_Walking_Dead,The Walking Dead,263
591,2241_Offspring,Offspring,533
592,1802_Miranda_(2009),Miranda,958
593,2322_Are_We_There_Yet,Are We There Yet?,495
594,3149_Kung_Fu_Panda_Legends_of_Awesomeness,Kung Fu Panda: Legends of Awesomeness,298
595,2958_Misfits,Misfits,525
596,3204_Rizzoli_Isles,Rizzoli & Isles,221
597,1476_Dance_Academy,Dance Academy,321
598,1721_The_Glades,The Glades,431
599,812_The_Ricky_Gervais_Show,The Ricky Gervais Show,521
600,2478_Under_the_Dome,Under the Dome,513
601,2477_Funny_or_Die_Presents...,Funny or Die Presents...,861
602,3324_Todd_and_the_Book_of_Pure_Evil,Todd and the Book of Pure Evil,698
603,1040_Call_Me_Fitz,Call Me Fitz,441
604,675_Bobs_Burgers,Bob's Burgers,198
605,3307_The_Real_L_Word,The Real L Word,679
606,1107_Jersey_Shore,Jersey Shore,611
607,1949_Teen_Wolf,Teen Wolf,279
608,2078_Top_Shot,Top Shot,462
609,2541_Retired_at_35,Retired at 35,948
610,1640_Great_British_Railway_Journeys,Great British Railway Journeys,438
611,1641_Pretty_Little_Liars,Pretty Little Liars,97
612,1289_Episodes,Episodes,600
613,1627_Harrys_Law,Harry's Law,597
614,3017_The_Borgias,The Borgias,652
615,667_The_Event,The Event,833
616,2374_The_X_Factor_(US),The X Factor,398
617,3072_Hot_in_Cleveland,Hot in Cleveland,105
618,326_Fairly_Legal,Fairly Legal,813
619,1427_Shameless_(US),Shameless,343
620,3347_Rake,Rake,777
621,1688_Body_of_Proof,Body of Proof,496
622,358_Happy_Endings,Happy Endings,352
623,2585_Rev,Rev.,990
624,687_Breakout_Kings,Breakout Kings,806
625,3156_No_Ordinary_Family,No Ordinary Family,933
626,2164_Nikita,Nikita,283
627,97_Outsourced,Outsourced,831
628,724_Being_Human_(US),Being Human,385
629,1130_Blue_Bloods,Blue Bloods,121
630,1249_Hellcats,Hellcats,885
631,2364_Melissa_Joey,Melissa & Joey,152
632,2344_Better_With_You,Better with You,863
633,2960_Hawaii_Five-0_(2010),Hawaii Five-0,110
634,2019_Franklin_Bash,Franklin & Bash,514
635,2055_Victorious,Victorious,346
636,174_Downton_Abbey,Downton Abbey,383
637,707_Mike_Molly,Mike & Molly,125
638,831_Black_Dynamite,Black Dynamite,921
639,966_Dan_for_Mayor,Dan for Mayor,691
640,3279_Workaholics,Workaholics,310
641,629_Raising_Hope,Raising Hope,210
642,1114_Ugly_Americans,Ugly Americans,629
643,1580_Ben_10_Ultimate_Alien,Ben 10: Ultimate Alien,455
644,1404_Avengers_Earths_Mightiest_Heroes,The Avengers: Earth's Mightiest Heroes,403
645,2360_Top_Gear,Top Gear,111
646,6_Breaking_In,Breaking In,924
647,121_Suits,Suits,294
648,750_Generator_Rex,Generator Rex,413
649,2411_House_of_Anubis,House of Anubis,72
650,375_Young_Justice,Young Justice,449
651,2109_Ancient_Aliens,Ancient Aliens,153
652,160_Single_Ladies,Single Ladies,730
653,989_DCI_Banks,DCI Banks,690
654,1706_Law_Order_Los_Angeles,Law & Order: LA,874
655,718_Top_Gear_(US),Top Gear USA,371
656,1330_Necessary_Roughness,Necessary Roughness,553
657,124_Transformers_Prime,Transformers Prime,325
658,1080_Scooby-Doo_Mystery_Incorporated,Scooby-Doo! Mystery Incorporated,405
659,994_Shake_It_Up_,Shake It Up,260
660,531_Face_Off,Face Off,126
661,71_Awkward.,Awkward.,266
662,1214_Dan_Vs.,Dan Vs.,584
663,2881_Supernatural_The_Animation,Supernatural: The Animation,849
664,2298_Fact_or_Faked_Paranormal_Files,Fact or Faked: Paranormal Files,583
665,619_InSecurity,InSecurity,807
666,1081_Vera,Vera,970
667,454_The_Legend_of_Korra,The Legend of Korra,389
668,2718_Hell_On_Wheels,Hell on Wheels,417
669,606_Wilfred_(US),Wilfred,425
670,1956_Sym-Bionic_Titan,Sym-Bionic Titan,956
671,877_Regular_Show,Regular Show,61
672,2901_XIII_The_Series,XIII: The Series,706
673,3103_Perception,Perception,524
674,1702_Ultimate_Spider-Man,Ultimate Spider-Man,258
675,1396_Girls,Girls,498
676,2822_Green_Lantern_The_Animated_Series,Green Lantern: The Animated Series,708
677,1601_The_Looney_Tunes_Show_(2011),The Looney Tunes Show,401
678,319_My_Babysitters_a_Vampire,My Babysitter's a Vampire,680
679,2372_EagleHeart,Eagleheart,596
680,1301_Agatha_Christies_Marple,Marple,828
681,915_Borgia,Borgia,541
682,775_Suburgatory,Suburgatory,356
683,2940_My_Little_Pony_Friendship_is_Magic,My Little Pony: Friendship Is Magic,202
684,1336_The_Almighty_Johnsons,The Almighty Johnsons,574
685,2225_IRIS_(2009),Iris,755
686,731_Switched_At_Birth,Switched at Birth,190
687,2061_Veep,Veep,548
688,2719_Kickin_It,Kickin' It,256
689,2704_A.N.T_Farm,A.N.T. Farm,333
690,1267_Portlandia,Portlandia,439
691,2629_NTSF_SD_SUV_,NTSF:SD:SUV,682
692,486_Storage_Wars,Storage Wars,981
693,1611_The_L.A._Complex,The L.A. Complex,995
694,2365_Homeland,Homeland,368
695,3232_House_of_Lies,House of Lies,414
696,695_The_Lying_Game,The Lying Game,631
697,2712_Tron_Uprising,TRON: Uprising,989
698,3218_The_Glee_Project,The Glee Project,841
699,2776_Mrs_Browns_Boys,Mrs. Brown's Boys,818
700,3007_Ringer,Ringer,847
701,2839_Crownies,Crownies,851
702,78_New_Girl,New Girl,186
703,3306_Austin_Ally,Austin & Ally,235
704,2604_Grimm,Grimm,207
705,1502_Happily_Divorced,Happily Divorced,598
706,1019_The_Exes,The Exes,329
707,3172_How_the_Universe_Works,How the Universe Works,750
708,1239_Hart_of_Dixie,Hart of Dixie,264
709,1241_Longmire,Longmire,483
710,2989_Revenge,Revenge,201
711,1316_The_Secret_Circle,The Secret Circle,884
712,3040_Person_of_Interest,Person of Interest,206
713,1677_Femme_Fatales,Femme Fatales,761
714,2913_Mortal_Kombat_Legacy,Mortal Kombat: Legacy,939
715,2554_Up_All_Night,Up All Night,582
716,2154_Scott_and_Bailey,Scott & Bailey,642
717,1119_American_Horror_Story,American Horror Story,369
718,1762_Friday_Night_Dinner,Friday Night Dinner,993
719,34_2_Broke_Girls,2 Broke Girls,187
720,3113_Whitney,Whitney,545
721,2497_Life_with_Boys,Life with Boys,859
722,932_Gravity_Falls,Gravity Falls,556
723,2163_Mount_Pleasant,Mount Pleasant,547
724,1694_Haunted_Collector,Haunted Collector,795
725,1192_Paranormal_Witness,Paranormal Witness,446
726,3058_Betty_Whites_Off_Their_Rockers,Betty White's Off Their Rockers,592
727,276_Transporter_The_Series,Transporter: The Series,781
728,2607_Death_in_Paradise,Death in Paradise,614
729,2436_So_Random_,So Random!,715
730,2135_Major_Crimes,Major Crimes,354
731,2819_Men_at_Work,Men at Work,638
732,1559_How_to_Rock,How to Rock,762
733,1441_The_Firm,The Firm,879
734,3183_Continuum,Continuum,490
735,2906_Saving_Hope,Saving Hope,374
736,386_Lilyhammer,Lilyhammer,775
737,237_The_Voice_(UK),The Voice UK,363
738,475_Arctic_Air,Arctic Air,576
739,1156_Key_Peele,Key and Peele,384
740,3121_Call_The_Midwife,Call the Midwife,603
741,2897_Anger_Management,Anger Management,163
742,3044_Miss_Fishers_Murder_Mysteries,Miss Fisher's Murder Mysteries,593
743,3243_Trollied,Trollied,475
744,1543_Copper,Copper,799
745,3336_The_Dead_Files,The Dead Files,175
746,189_Banshee,Banshee,646
747,1911_The_Client_List,The Client List,758
748,748_Brickleberry,Brickleberry,564
749,2922_The_Carrie_Diaries,The Carrie Diaries,704
750,2228_Fresh_Meat,Fresh Meat,789
751,1321_The_Following,The Following,445
752,2227_Sullivan_Son,Sullivan & Son,607
753,1227_Project_Runway_All_Stars,Project Runway All Stars,764
754,205_Young_Hungry,Young & Hungry,645
755,1592_The_New_Normal,The New Normal,822
756,1490_Da_Vincis_Demons,Da Vinci's Demons,734
757,2401_Masters_of_Sex,Masters of Sex,569
758,1822_Transformers_Rescue_Bots,Transformers: Rescue Bots,319
759,556_Review_with_Forrest_MacNeil,Review,980
760,805_Newsreaders,Newsreaders,804
761,1781_Comic_Book_Men,Comic Book Men,358
762,2899_Comedy_Bang_Bang_,Comedy Bang! Bang!,707
763,1743_Baby_Daddy,Baby Daddy,303
764,2665_The_Neighbors_(2012),The Neighbors,469
765,3084_Rectify,Rectify,845
766,2002_Ripper_Street,Ripper Street,793
767,1690_Bates_Motel,Bates Motel,627
768,1173_Defiance,Defiance,537
769,1483_Elementary,Elementary,287
770,2222_Arrow,Arrow,278
771,1927_The_Time_of_Our_Lives_,The Time of Our Lives,911
772,2188_The_Mindy_Project,The Mindy Project,272
773,1326_Penoza,Red Widow,883
774,599_Dog_With_A_Blog,Dog with a Blog,297
775,3245_Devious_Maids,Devious Maids,523
776,1092_Orphan_Black,Orphan Black,630
777,2350_Pramface,Pramface,992
778,1806_Hannibal,Hannibal,535
779,2199_Ray_Donovan,Ray Donovan,571
780,2588_Wander_Over_Yonder,Wander Over Yonder,664
781,554_A_Place_To_Call_Home,A Place to Call Home,662
782,952_Chicago_Fire,Chicago Fire,284
783,3020_Vegas,Vegas,896
784,1193_Witches_of_East_End,Witches of East End,830
785,2976_Ben_10_Omniverse,Ben 10: Omniverse,393
786,846_Mistresses_(US),Mistresses,520
787,1243_Go_On,Go On,886
788,2315_Hemlock_Grove,Hemlock Grove,606
789,3065_Mr._Selfridge,Mr Selfridge,612
790,1186_Comedians_in_cars_getting_coffee,Comedians in Cars Getting Coffee,999
791,1058_Wolfblood,Wolfblood,518
792,1874_Dragons_Riders_of_Berk,Dragons: Riders of Berk,516
793,2173_Beware_the_Batman,Beware the Batman,721
794,150_Citizen_Khan,Citizen Khan,963
795,2915_Bad_Education,Bad Education,985
796,2538_Freakshow,Freakshow,820
797,3104_Randy_Cunningham_9th_Grade_Ninja,Randy Cunningham: 9th Grade Ninja,501
798,1809_Marvels_Agents_of_S.H.I.E.L.D.,Agents of S.H.I.E.L.D.,430
799,3150_Bitten,Bitten,816
800,254_Orange_is_the_New_Black,Orange Is the New Black,528
801,2576_The_Doctor_Blake_Mysteries,The Doctor Blake Mysteries,665
802,777_See_Dad_Run,See Dad Run,457
803,1095_Graceland,Graceland,554
804,1145_Rogue,Rogue,649
805,3355_Chasing_Life,Chasing Life,591
806,2694_Trophy_Wife,Trophy Wife,856
807,1205_Murder_In_the_First,Murder in the First,887
808,2984_The_Last_Ship,The Last Ship,817
809,1579_The_Bridge_(US),The Bridge,824
810,336_Crossing_Lines,Crossing Lines,678
811,1125_Seed,Seed,738
812,2123_Sense8,Sense8,1459
813,1339_Wentworth,Wentworth,599
814,3280_Peaky_Blinders,Peaky Blinders,1416
815,1100_Motive,Motive,539
816,574_Hulk_And_The_Agents_of_S.M.A.S.H,Hulk and the Agents of S.M.A.S.H.,388
817,1338_Brooklyn_Nine-Nine,Brooklyn Nine-Nine,422
818,2492_Bravest_Warriors,Bravest Warriors,860
819,2924_Sam_Cat,Sam & Cat,581
820,678_Axe_Cop,Axe Cop,832
821,502_Maron,Maron,566
822,285_The_Haunted_Hathaways,The Haunted Hathaways,561
823,329_Halt_and_Catch_Fire,Halt and Catch Fire,929
824,1322_TURN,TURN: Washington's Spies,965
825,2917_Girl_Meets_World,Girl Meets World,476
826,1674_Mako_Mermaids,Mako Mermaids,420
827,2101_Package_Deal,Package Deal,724
828,1730_Attack_on_Titan_(2013),Attack on Titan,760
829,1051_Tyrant,Tyrant,888
830,1017_Crash,The Crash,743
831,3286_Mighty_Med,Mighty Med,458
832,562_Inside_Amy_Schumer,Inside Amy Schumer,633
833,744_Broad_City,Broad City,923
834,2907_Spun_Out,Spun Out,705
835,894_Sleepy_Hollow,Sleepy Hollow,575
836,1962_Resurrection_(2014),Resurrection,909
837,2254_The_Strain,The Strain,720
838,255_The_Tomorrow_People_(US),The Tomorrow People,858
839,2589_Mom,Mom,470
840,804_About_a_Boy,About a Boy,587
841,1039_Narcos,Narcos,1701
842,2380_Bluestone_42,Bluestone 42,862
843,2320_The_Crazy_Ones,The Crazy Ones,864
844,2602_Drunk_History,Drunk History,786
845,2765_The_Musketeers,The Musketeers,943
846,709_The_Millers,The Millers,588
847,2767_The_Blacklist,The Blacklist,427
848,2312_Helix,Helix,718
849,2281_Nowhere_Boys,Nowhere Boys,683
850,3186_Ground_Floor,Ground Floor,932
851,243_Teen_Titans_Go_,Teen Titans Go!,136
852,3129_Monsters_vs._Aliens,Monsters vs. Aliens,701
853,1375_Married,Married,826
854,501_Liv_and_Maddie,Liv and Maddie,426
855,1799_Chicago_PD,Chicago P.D.,472
856,2658_The_Awesomes,The Awesomes,782
857,1704_Rick_and_Morty,Rick and Morty,914
858,975_Cedar_Cove,Cedar Cove,563
859,2570_When_Calls_the_Heart,When Calls the Heart,991
860,395_Star_Wars_REBELS,Star Wars Rebels,982
861,62_Salem,Salem,660
862,1701_Outlander,Outlander,1124
863,204_Alpha_House,Alpha House,908
864,3208_MasterChef_Junior,MasterChef Junior,843
865,3185_Steven_Universe,Steven Universe,280
866,1402_Dominion,Dominion,916
867,2412_Rabbids_Invasion,Rabbids Invasion,621
868,3227_Deadbeat,Deadbeat,814
869,2153_Extant,Extant,722
870,3193_Remedy,Remedy,931
871,1631_Finding_Carter,Finding Carter,671
872,911_The_Mysteries_of_Laura,The Mysteries of Laura,659
873,1656_How_To_Get_Away_with_Murder,How to Get Away with Murder,961
874,1621_Penn_Zero_Part-Time_Hero,Penn Zero: Part-Time Hero,915
875,1310_From_Dusk_Till_Dawn_The_Series,From Dusk Till Dawn: The Series,966
876,1064_BoJack_Horseman,BoJack Horseman,766
877,3173_Every_Witch_Way,Every Witch Way,391
878,1408_Wolf_Watch,Wolf Watch,800
879,3241_Black-ish,Black-ish,636
880,1104_Madam_Secretary,Madam Secretary,740
881,1941_Scorpion,Scorpion,668
882,2639_NCIS_New_Orleans,NCIS: New Orleans,654
883,56_Stalker,Stalker,925
884,861_Jane_The_Virgin,Jane the Virgin,744
885,2115_David_Attenboroughs_Natural_Curiosities,Natural Curiosities,907
886,1598_Marvel_Disk_Wars_The_Avengers,Marvel Disk Wars: The Avengers,412
887,1792_Cristela,Cristela,872
888,1968_Gotham,Gotham,655
889,324_Z_Nation,Z Nation,894
890,198_Red_Rock,Red Rock,515
891,871_Big_Brother_(US),Celebrity Big Brother,242
