seriesname,title
1474_The_Batman,Batman
1752_The_Honeymooners,The Honeymooners
1115_I_Love_Lucy,I Love Lucy
421_Alfred_Hitchcock_Presents_(1955),Alfred Hitchcock Presents
2792_Perry_Mason_(1957),Perry Mason
1908_Bonanza,Bonanza
2428_Rawhide,Rawhide
384_Twilight_Zone,The Twilight Zone
1206_The_Flintstones,The Flintstones
2539_The_Americans,The Americans
2120_Doctor_Who_(1963),Doctor Who
2834_The_Fugitive_(1963),The Fugitive
1166_The_Outer_Limits,The Outer Limits
2884_Bewitched,Bewitched
2268_The_Munsters,The Munsters
2144_Thunderbirds,Thunderbirds
2503_The_Big_Valley,The Big Valley
2674_Get_Smart_(1965),Get Smart
2569_Hogans_Heroes,Hogan's Heroes
1507_I_Dream_of_Jeannie,I Dream of Jeannie
3240_Lost_in_Space,Lost in Space
729_Out_of_the_unknown,Out of the Unknown
2838_Mission_Impossible_(1966),Mission: Impossible
957_Star_Trek,Star Trek
380_The_Time_Tunnel,The Time Tunnel
803_Dads_Army,Dad's Army
1691_Hawaii_Five-O_(1968),Hawaii Five-O
231_Scooby-Doo_Where_Are_You_,"Scooby Doo, Where Are You!"
1546_UFO,UFO
1552_The_Mary_Tyler_Moore_Show,The Mary Tyler Moore Show
557_All_in_the_Family,All in the Family
2806_Cannon,Cannon
3353_The_Persuaders_,The Persuaders!
1680_Kung_Fu,Kung Fu
1098_MASH,M*A*S*H
2990_Sanford_and_Son,Sanford and Son
2635_The_Waltons,The Waltons
2583_Kojak_(1973),Kojak
211_Last_of_the_Summer_Wine,Last of the Summer Wine
2155_Star_Trek_The_Animated_Series,Star Trek: The Animated Series
1551_Kolchak_The_Night_Stalker,Kolchak: The Night Stalker
845_Porridge,Porridge
2104_Rhoda,Rhoda
436_The_Rockford_Files,The Rockford Files
2706_The_World_at_War,The World at War
2898_Archer,Archer
3224_Ellery_Queen,Ellery Queen
1768_Saturday_Night_Live,Saturday Night Live
1030_Space_1999,Space: 1999
1608_Starsky_Hutch,Starsky and Hutch
1317_Black_Sheep_Squadron,Black Sheep Squadron
2575_The_Muppet_Show,The Muppet Show
1018_Open_All_Hours,Open All Hours
2873_Rich_Man_Poor_Man_Book_II,"Rich Man, Poor Man"
2206_All_Creatures_Great_And_Small,All Creatures Great and Small
64_CHiPs,CHiPs
2580_Battlestar_Galactica,Battlestar Galactica
2623_Blakes_7,Blake's 7
345_Dallas,Dallas
1294_Mork_and_Mindy,Mork & Mindy
2489_Taxi,Taxi
1008_Buck_Rogers_in_the_25th_Century,Buck Rogers in the 25th Century
3275_The_Dukes_Of_Hazzard,The Dukes of Hazzard
3317_Hart_to_Hart,Hart to Hart
955_Rumpole_of_the_Bailey,Rumpole of the Bailey
1009_Sapphire_Steel,Sapphire & Steel
427_Magnum_P.I.,"Magnum, P.I."
745_Yes_Minister,Yes Minister
1504_Dynasty,Dynasty
2863_Only_Fools_and_Horses,Only Fools and Horses
2887_Cheers,Cheers
778_Family_Ties,Family Ties
362_Knight_Rider_(1982),Knight Rider
929_Remington_Steele,Remington Steele
1770_Voyagers,Voyagers!
2553_The_A-Team,The A-Team
3199_Blackadder,Blackadder
2751_Scarecrow_and_Mrs._King,Scarecrow and Mrs. King
858_Allo_Allo_,'Allo 'Allo
3030_Airwolf,Airwolf
1860_The_Cosby_Show,The Cosby Show
3332_Highway_to_Heaven,Highway to Heaven
581_Miami_Vice,Miami Vice
1386_Murder_She_Wrote,"Murder, She Wrote"
1550_Night_Court,Night Court
159_Thomas_The_Tank_Engine_Friends,Thomas & Friends: Big World! Big Adventures!
2738_The_Tripods,The Tripods
2302_Whos_the_Boss_,Who's the Boss?
1681_The_Equalizer,The Equalizer
199_The_Golden_Girls,The Golden Girls
2182_MacGyver,MacGyver
2015_Moonlighting,Moonlighting
1170_ALF,ALF
923_Lovejoy,Lovejoy
2431_Matlock,Matlock
2821_Sledge_Hammer,Sledge Hammer!
937_DuckTales,DuckTales
1494_Friday_The_13th_The_Series,Friday the 13th: The Series
1695_Full_House,Full House
235_Inspector_Morse,Inspector Morse
356_Married..._With_Children,Married with Children
381_Star_Trek_The_Next_Generation,Star Trek: The Next Generation
3228_Thirtysomething,Thirtysomething
600_Agatha_Christie_Poirot,Poirot
3331_Red_Dwarf,Red Dwarf
7_Roseanne,Roseanne
2510_Whose_Line_Is_It_Anyway_,Whose Line Is It Anyway?
676_The_Wonder_Years,The Wonder Years
2275_Alien_Nation,Alien Nation
2722_Baywatch,Baywatch
2196_Casualty,Casualty
1634_Family_Matters,Family Matters
1455_Quantum_Leap,Quantum Leap
2469_The_Simpsons,The Simpsons
462_Tales_from_the_Crypt,Tales from the Crypt
223_X-Men,Pryde of the X-Men
1529_Beverly_Hills_90210,"Beverly Hills, 90210"
1773_The_Flash,The Flash
2189_The_Fresh_Prince_of_Bel-Air,The Fresh Prince of Bel-Air
1943_In_Living_Color,In Living Color
2714_Jeeves_and_Wooster,Jeeves and Wooster
3290_Keeping_Up_Appearances,Keeping Up Appearances
3034_Northern_Exposure,Northern Exposure
1391_One_Foot_in_the_Grave,One Foot in the Grave
2971_Parenthood,Parenthood
2190_Seinfeld,Seinfeld
440_She_Wolf_of_London,She-Wolf of London
612_Twin_Peaks,Twin Peaks
2339_A_Bit_of_Fry_and_Laurie,A Bit of Fry and Laurie
408_Darkwing_Duck,Darkwing Duck
1272_Home_Improvement,Home Improvement
1891_Between_the_Lines,Between the Lines
3315_Forever_Knight,Forever Knight
983_The_Golden_Palace,The Golden Palace
1733_Highlander,Highlander
2865_The_Larry_Sanders_Show,The Larry Sanders Show
2363_Mad_About_You,Mad About You
2995_Melrose_Place,Melrose Place
968_Absolutely_Fabulous,Absolutely Fabulous
1436_As_Time_Goes_By,As Time Goes By
219_Babylon_5,Babylon 5
2878_Boy_Meets_World,Boy Meets World
2508_Frasier,Frasier
1785_Homicide_Life_on_the_Street,Homicide: Life on the Street
1853_Lois_Clark_The_New_Adventures_of_Superman,Lois & Clark: The New Adventures of Superman
2582_NYPD_Blue,NYPD Blue
176_The_Nanny,The Nanny
3141_SeaQuest_DSV,SeaQuest 2032
2091_Star_Trek_Deep_Space_Nine,Star Trek: Deep Space Nine
27_Walker_Texas_Ranger,"Walker, Texas Ranger"
884_The_X-Files,The X-Files
35_The_Critic,The Critic
2143_Duckman,Duckman: Private Dick/Family Man
1995_ER,ER
3294_Earth_2,Earth 2
2183_The_Fast_Show,The Fast Show
25_Friends,Friends
110_Gargoyles,Gargoyles
2799_My_So-Called_Life,My So-Called Life
566_Party_Of_Five,Party of Five
765_Space_Precinct,Space Precinct
2194_Sweet_Valley_High,Sweet Valley High
3231_Time_Team,Time Team
1976_A_Touch_of_Frost,A Touch of Frost
3322_American_Gothic,American Gothic
1673_Father_Ted,Father Ted
2347_Goosebumps,Goosebumps
1514_Hercules_The_Legendary_Journeys,Hercules: The Legendary Journeys
727_JAG,JAG
1707_Pinky_and_the_Brain,Pinky and the Brain
1071_Sliders,Sliders
2087_Space_Above_and_Beyond,Space: Above and Beyond
583_Spider-Man_The_Animated_Series,Spider-Man: The Animated Series
1953_Star_Trek_Voyager,Star Trek: Voyager
1603_The_Tick_(1994),The Tick
3041_Xena_Warrior_Princess,Xena: Warrior Princess
2236_3rd_Rock_From_the_Sun,3rd Rock from the Sun
2448_7th_Heaven,7th Heaven
2272_Early_Edition,Early Edition
3143_Everybody_Loves_Raymond,Everybody Loves Raymond
406_Millennium,Millennium
1818_The_Pretender,The Pretender
1366_Profiler,Profiler
2438_The_Profit,Profit
1817_Sabrina_The_Teenage_Witch,"Sabrina, the Teenage Witch"
1425_Silent_Witness,Silent Witness
3200_Spin_City,Spin City
1462_Superman_The_Animated_Series,Superman
1905_Ally_McBeal,Ally McBeal
2261_Buffy_The_Vampire_Slayer,Buffy the Vampire Slayer
1574_Daria,Daria
1211_Dawsons_Creek,Dawson's Creek
888_Dharma_Greg,Dharma & Greg
2083_Jonathan_Creek,Jonathan Creek
964_Just_Shoot_Me,Just Shoot Me!
2703_King_of_the_Hill,King of the Hill
1577_La_Femme_Nikita,La Femme Nikita
3308_Midsomer_Murders,Midsomer Murders
29_Oz,Oz
3259_Stargate_SG-1,Stargate SG-1
1083_Dilbert,Dilbert
1718_South_Park,South Park
763_Earth_Final_Conflict,Earth: Final Conflict
2891_Hetty_Wainthropp_Investigates,Hetty Wainthropp Investigates
107_Transformers_The_Headmasters,Transformers: The Headmasters
1168_The_Royle_Family,The Royle Family
1533_Teenage_Mutant_Ninja_Turtles_(1987),Teenage Mutant Ninja Turtles
3333_Felicity,Felicity
2699_The_Sopranos,The Sopranos
1495_Futurama,Futurama
284_Will_and_Grace,Will & Grace
2053_Charmed,Charmed
1007_Lupin_the_3rd,Lupin the 3rd
2683_Sex_the_City,Sex and the City
2622_Spooks,MI-5
1147_Angel,Angel
693_COPS,C.O.P.S.
3291_The_Net,The Net
2879_The_King_of_Queens,The King of Queens
1880_That_70s_Show,That '70s Show
3115_Sports_Night,Sports Night
2358_Randall_Hopkirk_(Deceased),Randall & Hopkirk (Deceased)
3085_Scrapheap_Challenge,Junkyard Wars
3112_Mortal_Kombat_Conquest,Mortal Kombat: Conquest
2790_Becker,Becker
3116_The_Powerpuff_Girls,The Powerpuff Girls
2031_Lexx,Lexx: The Dark Zone Stories
1879_The_Adventures_of_Tintin,The Adventures of Tintin
2584_Family_Guy,Family Guy
1939_VICE,The Vice
998_Fantastic_Four,Fantastic Four: The Animated Series
3309_Farscape,Farscape
3316_Third_Watch,Third Watch
22_The_West_Wing,The West Wing
61_Roswell,Roswell
868_Once_and_Again,Once and Again
847_Bad_Girls,Bad Girls
1865_Law_Order_SVU,Law & Order: Special Victims Unit
2903_Dark_Angel,Dark Angel
246_Cleopatra_2525,Cleopatra 2525
726_NOVA,Nova
2175_Relic_Hunter,Relic Hunter
1583_Malcolm_In_The_Middle,Malcolm in the Middle
304_Andromeda,Andromeda
1159_Rejseholdet_(Unit_One),Unit 1
3209_Jack_of_All_Trades,Jack of All Trades
1524_Fortier,Fortier
1069_Son_of_the_Beach,Son of the Beach
1980_Coupling,Coupling
1660_Gilmore_Girls,Gilmore Girls
96_Monarch_of_the_Glen,Monarch of the Glen
2886_Survivor,Survivor
447_Star_Trek_Enterprise,Star Trek: Enterprise
1041_CSI_Crime_Scene_Investigation,CSI: Crime Scene Investigation
672_X-Men_Evolution,X-Men: Evolution
2240_Six_Feet_Under,Six Feet Under
2557_Yu-Gi-Oh_Duel_Monsters,Yu-Gi-Oh!
3078_Grounded_for_Life,Grounded for Life
2311_My_Family,My Family
3192_Waking_the_Dead,Waking the Dead
48_Queer_as_Folk_(US),Queer as Folk
1883_Curb_Your_Enthusiasm,Curb Your Enthusiasm
3153_The_Job,The Job
47_Lizzie_McGuire,Lizzie McGuire
852_Witchblade,Witchblade
742_Law_Order_Criminal_Intent,Law & Order: Criminal Intent
2480_Samurai_Jack,Samurai Jack
1220_Two_Pints_of_Lager_and_a_Packet_of_Crisps,Two Pints of Lager and a Packet of Crisps
196_Smallville,Smallville
2880_The_Dead_Zone,The Dead Zone
604_Crossing_Jordan,Crossing Jordan
828_24,24
1251_Alias,Alias
1122_The_Amazing_Race,The Amazing Race
2513_According_to_Jim,According to Jim
2763_The_Guardian,The Guardian
1185_Scrubs,Scrubs
3046_The_Shield,The Shield
936_Degrassi_The_Next_Generation,Degrassi: The Next Generation
542_Trailer_Park_Boys,Trailer Park Boys
1139_Aqua_Teen_Hunger_Force,Aqua Teen Hunger Force
2518_Footballers_Wives,Footballers' Wives
278_The_Lost_World,The Lost World
2493_The_Wire,The Wire
126_Foyles_War,Foyle's War
3303_George_Lopez,George Lopez
3263_Monk,Monk
1830_CSI_Miami,CSI: Miami
2288_Tripping_the_Rift,Tripping the Rift
2305_Odyssey_5,Odyssey 5
1882_Everwood,Everwood
1542_American_Idol,American Idol
2475_Carnivale,Carnivàle
3021_Fastlane,Fastlane
226_John_Doe,John Doe
1876_What_I_Like_About_You,What I Like About You
2244_Without_a_Trace,Without a Trace
3195_The_L_Word,The L Word
2112_Wire_In_The_Blood,Wire in the Blood
1589_Teen_Titans,Teen Titans
2866_The_Bachelorette,The Bachelorette
1246_Dead_Like_Me,Dead Like Me
1890_Deadwood,Deadwood
305_Little_Britain,Little Britain
1215_Nip_Tuck,Nip/Tuck
2361_The_Simple_Life,The Simple Life
2498_New_Tricks,New Tricks
3217_The_O.C.,The O.C.
1590_Americas_Next_Top_Model,America's Next Top Model
967_Lilo_Stitch,Lilo & Stitch: The Series
1616_Tru_Calling,Tru Calling
2524_Las_Vegas,Las Vegas
1922_Last_Comic_Standing,Last Comic Standing
1910_NCIS,NCIS
3145_Arrested_Development,Arrested Development
2391_Joan_of_Arcadia,Joan of Arcadia
1024_Cold_Case,Cold Case
1079_One_Tree_Hill,One Tree Hill
1002_Two_and_a_Half_Men,Two and a Half Men
179_Reno_911_,Reno 911!
3027_The_Boondocks,The Boondocks
1867_Stargate_Atlantis,Stargate: Atlantis
3142_Joey,Joey
3133_Duck_Dodgers,Duck Dodgers
3314_Shameless,Shameless
759_Q.I._XL,QI
128_Rescue_Me,Rescue Me
2468_Mythbusters,MythBusters
2805_Rome,Rome
2049_The_Office_(US),The Office
2581_Entourage,Entourage
1063_Peep_Show,Peep Show
1222_The_4400,The 4400
2609_Winter_Sonata,Winter Sonata
2284_CSI_NY,CSI: NY
2073_Corner_Gas,Corner Gas
2371_American_Dad,American Dad!
301_Gossip_Girl,Gossip Girl
1723_Boston_Legal,Boston Legal
779_Law_Order,Law & Order
18_Doc_Martin,Doc Martin
2936_Desperate_Housewives,Desperate Housewives
1262_Lost,Lost
1950_Medium,Medium
197_Veronica_Mars,Veronica Mars
3012_Greys_Anatomy,Grey's Anatomy
3092_The_Mighty_Boosh,The Mighty Boosh
2616_Avatar_The_Last_Airbender,Avatar: The Last Airbender
320_Ideal_(2005),Ideal
969_The_Venture_Bros.,The Venture Bros.
2233_Big_Love,Big Love
1420_Samurai_Champloo,Samurai Champloo
1108_The_Suite_Life_of_Zack_Cody,The Suite Life of Zack & Cody
2336_The_Biggest_Loser,The Biggest Loser
215_Live_at_the_Apollo,Live at the Apollo
2331_Regenesis,ReGenesis
2872_Numb3rs,Numb3rs
3102_Hells_Kitchen_(US),Hell's Kitchen
987_Project_Runway,Project Runway
248_Robot_Chicken,Robot Chicken
2860_Weeds,Weeds
1367_Kaleido_Star,Kaleido Star
1340_The_Apprentice,The Apprentice: Martha Stewart
3210_Deadliest_Catch,Deadliest Catch
2877_Masters_of_Horror,Masters of Horror
2956_Criminal_Minds,Criminal Minds
2355_Sugar_Rush,Sugar Rush
1121_Prison_Break,Prison Break
1361_Squidbillies,Squidbillies
1149_Brotherhood,Brotherhood
456_The_Closer,The Closer
2933_Star_Wars_The_Clone_Wars,Star Wars: The Clone Wars
2198_The_Thick_of_It,The Thick of It
2050_My_Name_Is_Earl,My Name Is Earl
207_Bones,Bones
2290_Everybody_Hates_Chris,Everybody Hates Chris
3037_Ghost_Whisperer,Ghost Whisperer
95_How_I_Met_Your_Mother,How I Met Your Mother
539_Invasion,Invasion
1374_Supernatural,Supernatural
2919_The_Unit,The Unit
3351_The_War_at_Home,The War at Home
1140_What_About_Brian,What About Brian
506_The_New_Adventures_of_Old_Christine,The New Adventures of Old Christine
1231_South_of_Nowhere,South of Nowhere
1141_Dancing_with_the_Stars,Dancing with the Stars
2910_Mock_the_Week,Mock the Week
2075_8_Out_of_10_Cats,8 Out of 10 Cats
2276_So_You_Think_You_Can_Dance_,So You Think You Can Dance
737_Its_Always_Sunny_in_Philadelphia,It's Always Sunny in Philadelphia
289_Engrenages,Spiral
1411_The_Class,The Class
2011_Torchwood,Torchwood
2914_Studio_60_on_the_Sunset_Strip,Studio 60 on the Sunset Strip
1270_Waterloo_Road,Waterloo Road
390_The_IT_Crowd,The IT Crowd
2661_The_Hills,The Hills
3251_Lipstick_Jungle,Lipstick Jungle
1183_H2O_Just_Add_Water,H2O: Just Add Water
2024_Psych,Psych
2224_Hannah_Montana,Hannah Montana
1786_Dirt,Dirt
2273_The_Riches,The Riches
1515_30_Rock,30 Rock
817_That_Mitchell_and_Webb_Look,That Mitchell and Webb Look
1985_Kyle_XY,Kyle XY
760_Lead_Balloon,Lead Balloon
2651_Brothers_Sisters,Brothers & Sisters
800_Friday_Night_Lights,Friday Night Lights
459_The_Tudors,The Tudors
1259_Americas_Got_Talent,America's Got Talent
1821_Til_Death,'Til Death
2577_Top_Chef,Top Chef
1797_Wolverine_and_the_X-Men,Wolverine and the X-Men
413_Dexter,Dexter
2846_Coast,Coast
2465_Robin_Hood,Robin Hood
2828_Aliens_in_America,Aliens in America
2744_Rules_of_Engagement,Rules of Engagement
425_Eureka,Eureka
1399_Caprica,Caprica
1679_Wizards_Of_Waverly_Place,Wizards of Waverly Place
1837_Mad_Men,Mad Men
295_MasterChef,MasterChef
1293_Men_In_Trees,Men in Trees
1572_Shark,Shark
1200_Ugly_Betty,Ugly Betty
2636_Blood_Ties,Blood Ties
140_Primeval,Primeval
372_Roman_Mysteries,Roman Mysteries
133_Burn_Notice,Burn Notice
1622_Heroes,Heroes
2764_Saving_Grace,Saving Grace
3100_In_Treatment,In Treatment
2843_Iron_Man_Armored_Adventures,Iron Man: Armored Adventures
2923_Metalocalypse,Metalocalypse
1423_Skins,Skins
2535_The_Whitest_Kids_U_Know,The Whitest Kids U'Know
3091_True_Blood,True Blood
91_Legend_of_the_Seeker,Legend of the Seeker
1571_Terminator_The_Sarah_Connor_Chronicles,Terminator: The Sarah Connor Chronicles
2921_Phineas_and_Ferb,Phineas and Ferb
2279_Army_Wives,Army Wives
90_Not_Going_Out,Not Going Out
2633_The_Sarah_Jane_Adventures,The Sarah Jane Adventures
1794_Flight_Of_The_Conchords,Flight of the Conchords
2025_Painkiller_Jane,Painkiller Jane
2786_Eastbound_and_Down,Eastbound & Down
2529_Lewis,Inspector Lewis
1686_Life,Life
1889_Young_Dracula,Young Dracula
1196_Sea_Patrol,Sea Patrol
1158_Torchwood_Declassified,Torchwood Declassified
2983_Eli_Stone,Eli Stone
3360_The_Penguins_of_Madagascar,The Penguins of Madagascar
2556_The_Big_Bang_Theory,The Big Bang Theory
3338_Samantha_Who_,Samantha Who?
76_Breaking_Bad,Breaking Bad
2619_Californication,Californication
2850_Damages,Damages
789_Little_Mosque_on_the_Prairie,Little Mosque on the Prairie
3348_Pushing_Daisies,Pushing Daisies
2753_Chuck,Chuck
1996_In_Plain_Sight,In Plain Sight
916_M.I._High,M.I.High
217_Game_of_Thrones,Game of Thrones
353_The_Life_Times_of_TIM,The Life & Times of Tim
435_Reaper,Reaper
736_Benidorm,Benidorm
1582_Dirty_Sexy_Money,Dirty Sexy Money
2637_Sanctuary,Sanctuary
277_Private_Practice,Private Practice
2534_iCarly,iCarly
377_Greek,Greek
504_The_Spectacular_Spider-Man,The Spectacular Spider-Man
749_Boardwalk_Empire,Boardwalk Empire
1666_Kitchen_Nightmares_(US),Kitchen Nightmares
3258_The_Inspector_Lynley_Mysteries,The Inspector Lynley Mysteries
1388_Secret_Diary_of_a_Call_Girl,Secret Diary of a Call Girl
747_United_States_of_Tara,United States of Tara
2318_Raising_the_Bar,Raising the Bar
2644_Ashes_To_Ashes,Ashes to Ashes
2442_City_Homicide,City Homicide
2446_Superjail_,Superjail!
2591_Flashpoint,Flashpoint
908_Capadocia,Capadocia
1755_Ice_Road_Truckers,Ice Road Truckers
221_Party_Down,Party Down
2883_Lark_Rise_to_Candleford,Lark Rise to Candleford
1271_Outnumbered,Outnumbered
2621_Murdoch_Mysteries,Murdoch Mysteries
2201_Heartland_(CA),Heartland
2147_Legit,Legit
3191_The_Cleaner,The Cleaner
177_Leverage,Leverage
578_1000_Ways_To_Die,1000 Ways to Die
984_Underbelly,Underbelly
239_Fringe,Fringe
2122_Sons_of_Anarchy,Sons of Anarchy
123_Satisfaction,Satisfaction
541_Big_Time_Rush,Big Time Rush
806_True_Jackson_VP,"True Jackson, VP"
1296_Warehouse_13,Warehouse 13
801_Dollhouse,Dollhouse
608_The_Guild,The Guild
694_Being_Erica,Being Erica
330_Less_Than_Kind,Less Than Kind
1761_Law_Order_UK,Law & Order: UK
2685_The_Secret_Life_of_the_American_Teenager,The Secret Life of the American Teenager
2169_The_Listener,The Listener
2162_The_Suite_Life_on_Deck,The Suite Life on Deck
771_Alphas,Alphas
3189_Nurse_Jackie,Nurse Jackie
1057_Ben_10_Alien_Force,Ben 10: Alien Force
2177_The_Cleveland_Show,The Cleveland Show
2212_The_Mentalist,The Mentalist
1204_Merlin,Merlin
1216_Batman_The_Brave_and_the_Bold,Batman: The Brave and the Bold
1264_Bed_of_Roses,Bed of Roses
631_90210,90210
3220_Gary_Unmarried,Gary Unmarried
1696_Hung,Hung
1999_Lie_to_Me,Lie to Me
101_Better_Off_Ted,Better Off Ted
595_Men_of_a_Certain_Age,Men of a Certain Age
1605_Romanzo_Criminale,Romanzo Criminale
1671_Gangland,Gangland
3255_Sonny_with_a_Chance,Sonny with a Chance
2627_Bored_To_Death,Bored to Death
1628_Parks_and_Recreation,Parks and Recreation
2961_How_the_Earth_Was_Made,How the Earth Was Made
837_How_Not_To_Live_Your_Life,How Not to Live Your Life
577_Treme,Treme
192_Drop_Dead_Diva,Drop Dead Diva
704_Stargate_Universe,SGU Stargate Universe
14_Republic_of_Doyle,Republic of Doyle
2142_Southland,Southland
2417_Adventure_Time_with_Finn_and_Jake,Adventure Time
296_Time_Warp,Time Warp
2817_Dark_Blue,Dark Blue
3157_Royal_Pains,Royal Pains
2555_The_Comeback,Comeback
2663_10_Things_I_Hate_About_You,10 Things I Hate About You
944_Glee,Glee
2831_Steven_Seagal_Lawman,Steven Seagal: Lawman
312_Make_It_Or_Break_It,Make It or Break It
2321_Web_Therapy,Web Therapy
1952_Blue_Mountain_State,Blue Mountain State
996_Being_Human,Being Human
863_White_Collar,White Collar
238_The_Voice,Voice: Inochi naki mono no koe
2733_NCIS_Los_Angeles,NCIS: Los Angeles
1918_Aguila_Roja,Águila Roja
2481_HawthoRNe,Hawthorne
1906_The_Vampire_Diaries,The Vampire Diaries
2287_Memphis_Beat,Memphis Beat
658_18_to_Life,18 to Life
1102_Good_Luck_Charlie,Good Luck Charlie
496_Lost_Girl,Lost Girl
378_Inspector_George_Gently,Inspector George Gently
2184_Community,Community
3146_Cougar_Town,Cougar Town
271_FlashForward,Flashforward
2610_Rookie_Blue,Rookie Blue
2062_Life_UneXpected,Life Unexpected
656_Mercy,Mercy
292_Modern_Family,Modern Family
2942_Spartacus_Blood_and_Sand,Spartacus
995_The_Good_Wife,The Good Wife
2074_The_Middle,The Middle
2693_Shark_Tank,Shark Tank
2811_The_Marriage_Ref,The Marriage Ref
439_Rescue_Special_Ops,Rescue Special Ops
823_The_Hard_Times_of_RJ_Berger,The Hard Times of RJ Berger
161_Falling_Skies,Falling Skies
1470_Columbo,Columbo
1845_Sherlock_(2010),Sherlock
2204_The_League,The League
1828_Bang_Goes_the_Theory,Bang Goes the Theory
573_Svetlana,Svetlana
3368_Justified,Justified
2003_Pawn_Stars,Pawn Stars
2283_Strike_Back,Strike Back
2975_Him_Her,Him & Her
3249_Covert_Affairs,Covert Affairs
1032_Trial_Retribution,Trial & Retribution
1676_Through_the_Wormhole,Through the Wormhole
3205_The_Big_C,The Big C
309_Hot_Wheels_Battle_Force_5,Hot Wheels: Battle Force 5
974_Haven,Haven
175_The_Walking_Dead,The Walking Dead
2241_Offspring,Offspring
1802_Miranda_(2009),Miranda
2322_Are_We_There_Yet,Are We There Yet?
3149_Kung_Fu_Panda_Legends_of_Awesomeness,Kung Fu Panda: Legends of Awesomeness
2958_Misfits,Misfits
3204_Rizzoli_Isles,Rizzoli & Isles
1476_Dance_Academy,Dance Academy
1721_The_Glades,The Glades
812_The_Ricky_Gervais_Show,The Ricky Gervais Show
2478_Under_the_Dome,Under the Dome
2477_Funny_or_Die_Presents...,Funny or Die Presents...
3324_Todd_and_the_Book_of_Pure_Evil,Todd and the Book of Pure Evil
1040_Call_Me_Fitz,Call Me Fitz
675_Bobs_Burgers,Bob's Burgers
3307_The_Real_L_Word,The Real L Word
1107_Jersey_Shore,Jersey Shore
1949_Teen_Wolf,Teen Wolf
2078_Top_Shot,Top Shot
2541_Retired_at_35,Retired at 35
1640_Great_British_Railway_Journeys,Great British Railway Journeys
1641_Pretty_Little_Liars,Pretty Little Liars
1289_Episodes,Episodes
1627_Harrys_Law,Harry's Law
3017_The_Borgias,The Borgias
667_The_Event,The Event
2374_The_X_Factor_(US),The X Factor
3072_Hot_in_Cleveland,Hot in Cleveland
326_Fairly_Legal,Fairly Legal
1427_Shameless_(US),Shameless
3347_Rake,Rake
1688_Body_of_Proof,Body of Proof
358_Happy_Endings,Happy Endings
2585_Rev,Rev.
687_Breakout_Kings,Breakout Kings
3156_No_Ordinary_Family,No Ordinary Family
2164_Nikita,Nikita
97_Outsourced,Outsourced
724_Being_Human_(US),Being Human
1130_Blue_Bloods,Blue Bloods
1249_Hellcats,Hellcats
2364_Melissa_Joey,Melissa & Joey
2344_Better_With_You,Better with You
2960_Hawaii_Five-0_(2010),Hawaii Five-0
2019_Franklin_Bash,Franklin & Bash
2055_Victorious,Victorious
174_Downton_Abbey,Downton Abbey
707_Mike_Molly,Mike & Molly
831_Black_Dynamite,Black Dynamite
966_Dan_for_Mayor,Dan for Mayor
3279_Workaholics,Workaholics
629_Raising_Hope,Raising Hope
1114_Ugly_Americans,Ugly Americans
1580_Ben_10_Ultimate_Alien,Ben 10: Ultimate Alien
1404_Avengers_Earths_Mightiest_Heroes,The Avengers: Earth's Mightiest Heroes
2360_Top_Gear,Top Gear
6_Breaking_In,Breaking In
121_Suits,Suits
750_Generator_Rex,Generator Rex
2411_House_of_Anubis,House of Anubis
375_Young_Justice,Young Justice
2109_Ancient_Aliens,Ancient Aliens
160_Single_Ladies,Single Ladies
989_DCI_Banks,DCI Banks
1706_Law_Order_Los_Angeles,Law & Order: LA
718_Top_Gear_(US),Top Gear USA
1330_Necessary_Roughness,Necessary Roughness
124_Transformers_Prime,Transformers Prime
1080_Scooby-Doo_Mystery_Incorporated,Scooby-Doo! Mystery Incorporated
994_Shake_It_Up_,Shake It Up
531_Face_Off,Face Off
71_Awkward.,Awkward.
1214_Dan_Vs.,Dan Vs.
2881_Supernatural_The_Animation,Supernatural: The Animation
2298_Fact_or_Faked_Paranormal_Files,Fact or Faked: Paranormal Files
619_InSecurity,InSecurity
1081_Vera,Vera
454_The_Legend_of_Korra,The Legend of Korra
2718_Hell_On_Wheels,Hell on Wheels
606_Wilfred_(US),Wilfred
1956_Sym-Bionic_Titan,Sym-Bionic Titan
877_Regular_Show,Regular Show
2901_XIII_The_Series,XIII: The Series
3103_Perception,Perception
1702_Ultimate_Spider-Man,Ultimate Spider-Man
1396_Girls,Girls
2822_Green_Lantern_The_Animated_Series,Green Lantern: The Animated Series
1601_The_Looney_Tunes_Show_(2011),The Looney Tunes Show
319_My_Babysitters_a_Vampire,My Babysitter's a Vampire
2372_EagleHeart,Eagleheart
1301_Agatha_Christies_Marple,Marple
915_Borgia,Borgia
775_Suburgatory,Suburgatory
2940_My_Little_Pony_Friendship_is_Magic,My Little Pony: Friendship Is Magic
1336_The_Almighty_Johnsons,The Almighty Johnsons
2225_IRIS_(2009),Iris
731_Switched_At_Birth,Switched at Birth
2061_Veep,Veep
2719_Kickin_It,Kickin' It
2704_A.N.T_Farm,A.N.T. Farm
1267_Portlandia,Portlandia
2629_NTSF_SD_SUV_,NTSF:SD:SUV
486_Storage_Wars,Storage Wars
1611_The_L.A._Complex,The L.A. Complex
2365_Homeland,Homeland
3232_House_of_Lies,House of Lies
695_The_Lying_Game,The Lying Game
2712_Tron_Uprising,TRON: Uprising
3218_The_Glee_Project,The Glee Project
2776_Mrs_Browns_Boys,Mrs. Brown's Boys
3007_Ringer,Ringer
2839_Crownies,Crownies
78_New_Girl,New Girl
3306_Austin_Ally,Austin & Ally
2604_Grimm,Grimm
1502_Happily_Divorced,Happily Divorced
1019_The_Exes,The Exes
3172_How_the_Universe_Works,How the Universe Works
1239_Hart_of_Dixie,Hart of Dixie
1241_Longmire,Longmire
2989_Revenge,Revenge
1316_The_Secret_Circle,The Secret Circle
3040_Person_of_Interest,Person of Interest
1677_Femme_Fatales,Femme Fatales
2913_Mortal_Kombat_Legacy,Mortal Kombat: Legacy
2554_Up_All_Night,Up All Night
2154_Scott_and_Bailey,Scott & Bailey
1119_American_Horror_Story,American Horror Story
1762_Friday_Night_Dinner,Friday Night Dinner
34_2_Broke_Girls,2 Broke Girls
3113_Whitney,Whitney
2497_Life_with_Boys,Life with Boys
932_Gravity_Falls,Gravity Falls
2163_Mount_Pleasant,Mount Pleasant
1694_Haunted_Collector,Haunted Collector
1192_Paranormal_Witness,Paranormal Witness
3058_Betty_Whites_Off_Their_Rockers,Betty White's Off Their Rockers
276_Transporter_The_Series,Transporter: The Series
2607_Death_in_Paradise,Death in Paradise
2436_So_Random_,So Random!
2135_Major_Crimes,Major Crimes
2819_Men_at_Work,Men at Work
1559_How_to_Rock,How to Rock
1441_The_Firm,The Firm
3183_Continuum,Continuum
2906_Saving_Hope,Saving Hope
386_Lilyhammer,Lilyhammer
237_The_Voice_(UK),The Voice UK
475_Arctic_Air,Arctic Air
1156_Key_Peele,Key and Peele
3121_Call_The_Midwife,Call the Midwife
2897_Anger_Management,Anger Management
3044_Miss_Fishers_Murder_Mysteries,Miss Fisher's Murder Mysteries
3243_Trollied,Trollied
1543_Copper,Copper
3336_The_Dead_Files,The Dead Files
189_Banshee,Banshee
1911_The_Client_List,The Client List
748_Brickleberry,Brickleberry
2922_The_Carrie_Diaries,The Carrie Diaries
2228_Fresh_Meat,Fresh Meat
1321_The_Following,The Following
2227_Sullivan_Son,Sullivan & Son
1227_Project_Runway_All_Stars,Project Runway All Stars
205_Young_Hungry,Young & Hungry
1592_The_New_Normal,The New Normal
1490_Da_Vincis_Demons,Da Vinci's Demons
2401_Masters_of_Sex,Masters of Sex
1822_Transformers_Rescue_Bots,Transformers: Rescue Bots
556_Review_with_Forrest_MacNeil,Review
805_Newsreaders,Newsreaders
1781_Comic_Book_Men,Comic Book Men
2899_Comedy_Bang_Bang_,Comedy Bang! Bang!
1743_Baby_Daddy,Baby Daddy
2665_The_Neighbors_(2012),The Neighbors
3084_Rectify,Rectify
2002_Ripper_Street,Ripper Street
1690_Bates_Motel,Bates Motel
1173_Defiance,Defiance
1483_Elementary,Elementary
2222_Arrow,Arrow
1927_The_Time_of_Our_Lives_,The Time of Our Lives
2188_The_Mindy_Project,The Mindy Project
1326_Penoza,Red Widow
599_Dog_With_A_Blog,Dog with a Blog
3245_Devious_Maids,Devious Maids
1092_Orphan_Black,Orphan Black
2350_Pramface,Pramface
1806_Hannibal,Hannibal
2199_Ray_Donovan,Ray Donovan
2588_Wander_Over_Yonder,Wander Over Yonder
554_A_Place_To_Call_Home,A Place to Call Home
952_Chicago_Fire,Chicago Fire
3020_Vegas,Vegas
1193_Witches_of_East_End,Witches of East End
2976_Ben_10_Omniverse,Ben 10: Omniverse
846_Mistresses_(US),Mistresses
1243_Go_On,Go On
2315_Hemlock_Grove,Hemlock Grove
3065_Mr._Selfridge,Mr Selfridge
1186_Comedians_in_cars_getting_coffee,Comedians in Cars Getting Coffee
1058_Wolfblood,Wolfblood
1874_Dragons_Riders_of_Berk,Dragons: Riders of Berk
2173_Beware_the_Batman,Beware the Batman
150_Citizen_Khan,Citizen Khan
2915_Bad_Education,Bad Education
2538_Freakshow,Freakshow
3104_Randy_Cunningham_9th_Grade_Ninja,Randy Cunningham: 9th Grade Ninja
1809_Marvels_Agents_of_S.H.I.E.L.D.,Agents of S.H.I.E.L.D.
3150_Bitten,Bitten
254_Orange_is_the_New_Black,Orange Is the New Black
2576_The_Doctor_Blake_Mysteries,The Doctor Blake Mysteries
777_See_Dad_Run,See Dad Run
1095_Graceland,Graceland
1145_Rogue,Rogue
3355_Chasing_Life,Chasing Life
2694_Trophy_Wife,Trophy Wife
1205_Murder_In_the_First,Murder in the First
2984_The_Last_Ship,The Last Ship
1579_The_Bridge_(US),The Bridge
336_Crossing_Lines,Crossing Lines
1125_Seed,Seed
2123_Sense8,Sense8
1339_Wentworth,Wentworth
3280_Peaky_Blinders,Peaky Blinders
1100_Motive,Motive
574_Hulk_And_The_Agents_of_S.M.A.S.H,Hulk and the Agents of S.M.A.S.H.
1338_Brooklyn_Nine-Nine,Brooklyn Nine-Nine
2492_Bravest_Warriors,Bravest Warriors
2924_Sam_Cat,Sam & Cat
678_Axe_Cop,Axe Cop
502_Maron,Maron
285_The_Haunted_Hathaways,The Haunted Hathaways
329_Halt_and_Catch_Fire,Halt and Catch Fire
1322_TURN,TURN: Washington's Spies
2917_Girl_Meets_World,Girl Meets World
1674_Mako_Mermaids,Mako Mermaids
2101_Package_Deal,Package Deal
1730_Attack_on_Titan_(2013),Attack on Titan
1051_Tyrant,Tyrant
1017_Crash,The Crash
3286_Mighty_Med,Mighty Med
562_Inside_Amy_Schumer,Inside Amy Schumer
744_Broad_City,Broad City
2907_Spun_Out,Spun Out
894_Sleepy_Hollow,Sleepy Hollow
1962_Resurrection_(2014),Resurrection
2254_The_Strain,The Strain
255_The_Tomorrow_People_(US),The Tomorrow People
2589_Mom,Mom
804_About_a_Boy,About a Boy
1039_Narcos,Narcos
2380_Bluestone_42,Bluestone 42
2320_The_Crazy_Ones,The Crazy Ones
2602_Drunk_History,Drunk History
2765_The_Musketeers,The Musketeers
709_The_Millers,The Millers
2767_The_Blacklist,The Blacklist
2312_Helix,Helix
2281_Nowhere_Boys,Nowhere Boys
3186_Ground_Floor,Ground Floor
243_Teen_Titans_Go_,Teen Titans Go!
3129_Monsters_vs._Aliens,Monsters vs. Aliens
1375_Married,Married
501_Liv_and_Maddie,Liv and Maddie
1799_Chicago_PD,Chicago P.D.
2658_The_Awesomes,The Awesomes
1704_Rick_and_Morty,Rick and Morty
975_Cedar_Cove,Cedar Cove
2570_When_Calls_the_Heart,When Calls the Heart
395_Star_Wars_REBELS,Star Wars Rebels
62_Salem,Salem
1701_Outlander,Outlander
204_Alpha_House,Alpha House
3208_MasterChef_Junior,MasterChef Junior
3185_Steven_Universe,Steven Universe
1402_Dominion,Dominion
2412_Rabbids_Invasion,Rabbids Invasion
3227_Deadbeat,Deadbeat
2153_Extant,Extant
3193_Remedy,Remedy
1631_Finding_Carter,Finding Carter
911_The_Mysteries_of_Laura,The Mysteries of Laura
1656_How_To_Get_Away_with_Murder,How to Get Away with Murder
1621_Penn_Zero_Part-Time_Hero,Penn Zero: Part-Time Hero
1310_From_Dusk_Till_Dawn_The_Series,From Dusk Till Dawn: The Series
1064_BoJack_Horseman,BoJack Horseman
3173_Every_Witch_Way,Every Witch Way
1408_Wolf_Watch,Wolf Watch
3241_Black-ish,Black-ish
1104_Madam_Secretary,Madam Secretary
1941_Scorpion,Scorpion
2639_NCIS_New_Orleans,NCIS: New Orleans
56_Stalker,Stalker
861_Jane_The_Virgin,Jane the Virgin
2115_David_Attenboroughs_Natural_Curiosities,Natural Curiosities
1598_Marvel_Disk_Wars_The_Avengers,Marvel Disk Wars: The Avengers
1792_Cristela,Cristela
1968_Gotham,Gotham
324_Z_Nation,Z Nation
198_Red_Rock,Red Rock
871_Big_Brother_(US),Celebrity Big Brother
